Temperature,State of Charge,Gassing
0.7790721558829539,0.1273524939076297,1
0.7450744124900819,0.10376956192804465,1
0.9541078237692522,0.7085236029716668,0
0.9002099808245585,0.3439734533657663,1
0.8148337836253925,0.014711642128206415,1
0.5012485585629123,0.23137408978445684,0
0.997142535982326,0.19499408864323253,1
0.7701197949474481,0.22832020095619576,1
0.3336117399496182,0.3097764256121836,0
0.8771506154023103,0.2558887073652139,1
0.020856830414417327,0.732369609047782,0
0.8131591451182307,0.33932052178472866,1
0.7368862102309603,0.33495186521046033,1
0.10709174559134604,0.027272555562013134,0
0.7950678880834676,0.49756288667403,0
0.8619676964485161,0.21433698967284986,1
0.7944584182682553,0.3375160214114375,1
0.8695375506748855,0.07925493226043384,1
0.7368862102309603,0.33495186521046033,1
0.6934724138114063,0.15628449433658537,1
0.8491885773186845,0.17861061677942375,1
0.144742017642161,0.9434469537700532,0
0.9502753160480917,0.054042062618815334,1
0.8923121092482484,0.2633838327408517,1
0.5300864926667155,0.7952572836083944,0
0.8735509896178117,0.3262155895574181,1
0.4077687220896618,0.7898170615952542,0
0.8487625032585133,0.27107256923925577,1
0.9404482529554608,0.868709944200478,0
0.369200442880711,0.16717566763564123,0
0.8682339102572985,0.4052314153697342,0
0.46632027992589514,0.6758664817733449,0
0.817399731056085,0.08408841385902649,1
0.6829572944954865,0.06237538671330056,1
0.6672904957799033,0.8223911181531225,0
0.8771506154023103,0.2558887073652139,1
0.4716474578097751,0.5773652613828748,0
0.8443929301232831,0.4437753515128419,0
0.7450744124900819,0.10376956192804465,1
0.0008944899554603203,0.039023392003355806,0
0.7250223239717553,0.7085379151513798,0
0.8122607193630023,0.30926604993937107,1
0.13485788847104874,0.6918500574388036,0
0.7134701414844016,0.15692343766448463,1
0.8550304798041151,0.19707396267187138,1
0.047024887220922795,0.4280671467899451,0
0.9696033803701176,0.17095666247251473,1
0.8666995603157386,0.7795987381835268,0
0.42288260864053334,0.5012548559228038,0
0.8122607193630023,0.30926604993937107,1
0.12355547460279082,0.9373055739445117,0
0.5276114223965207,0.2988824127897976,0
0.6708000705390806,0.15598027454459712,1
0.8958618553756457,0.9560706415528684,0
0.04707808642616107,0.8505996038641199,0
0.6133896147752516,0.26679015406559675,0
0.04202491484382642,0.828850604027835,0
0.8164523804707895,0.344190950426391,1
0.4697434054778607,0.45906777438570384,0
0.355581155692039,0.21585685985073227,0
0.44600532511764596,0.9369520983973176,0
0.14776904549527692,0.4528820779554285,0
0.5548961934055914,0.4287187078391353,0
0.7271578335016102,0.026128426015589457,1
0.10246980257460336,0.456706179070733,0
0.3839903863429552,0.10415865075015668,0
0.36781770891655124,0.44221437702826377,0
0.8952909784595409,0.47321296878864755,0
0.9147090783652454,0.1253543983129125,1
0.948482458460264,0.5920786562306091,0
0.39808737846701997,0.9851997054733665,0
0.006395234070632139,0.5160139875757357,0
0.8487625032585133,0.27107256923925577,1
0.8695375506748855,0.07925493226043384,1
0.2707537764275652,0.0555439848314212,0
0.5236314674527427,0.6025618724329393,0
0.8735509896178117,0.3262155895574181,1
0.9473067130859734,0.5171573028656065,0
0.7189376244538053,0.25241267200208756,1
0.6703630599160264,0.25431205995071143,1
0.15226887687378426,0.5410774916755652,0
0.7884137565251543,0.7817841514480095,0
0.7991505381649602,0.3536201079163726,1
0.3635162663502875,0.9715362278968476,0
0.13612093812587828,0.3083166978610417,0
0.8961075815576658,0.18551225942070237,1
0.8550304798041151,0.19707396267187138,1
0.6165260420343956,0.9633738037174551,0
0.9489168233725247,0.1177967844962941,1
0.9326799759265298,0.9559423511925202,0
0.9207346717878577,0.01779439688280099,1
0.27859184954618305,0.5919848164618016,0
0.593925475094566,0.05835337111451344,0
0.9147090783652454,0.1253543983129125,1
0.5210263267477153,0.43401628257611874,0
0.8212640148660015,0.7041414318500554,0
0.49624891664827714,0.708220887298981,0
0.8122607193630023,0.30926604993937107,1
0.1059405303385178,0.8093771169838244,0
0.7991505381649602,0.3536201079163726,1
0.7747027539511875,0.7761821974313499,0
0.1134517654239735,0.3921380460821983,0
0.929634176792975,0.2214418350577661,1
0.5004645278119473,0.22760226371010833,0
0.30640135670277674,0.02250944021908391,0
0.14600291372211738,0.3133809016403562,0
0.8148337836253925,0.014711642128206415,1
0.7992116680042429,0.15745240498204166,1
0.5535198728292317,0.2704346158568007,0
0.2027858091400579,0.788396184178711,0
0.8300666224555038,0.054770674495378036,1
0.8138359339773571,0.3573747515585693,1
0.0567247018729406,0.9947054922956295,0
0.9868573174768873,0.09102877460206055,1
0.8961075815576658,0.18551225942070237,1
0.6444522822186887,0.3952670619616185,0
0.002331565655611101,0.3708812852896986,0
0.7444660175434539,0.35828123839378295,1
0.23374346586707023,0.49563086568154285,0
0.6477616061784208,0.6504895254471454,0
0.34271950381635524,0.10127669680454376,0
0.681724985401839,0.490927344499459,0
0.6242959010954252,0.037031816756099734,0
0.37278291524995105,0.5585554652824734,0
0.7593274374636114,0.14937489195219328,1
0.08111406487102818,0.705943250688249,0
0.38646889905482856,0.8441638386267412,0
0.9696033803701176,0.17095666247251473,1
0.8619676964485161,0.21433698967284986,1
0.05318812204463752,0.9871675757446039,0
0.09731777343390652,0.6826743734841845,0
0.8343987410126854,0.5603983811984095,0
0.6499826071899171,0.7846639973718634,0
0.08948249308820583,0.43075536251203156,0
0.5351042080280208,0.3010554692638802,0
0.8131591451182307,0.33932052178472866,1
0.7018360034565754,0.4938069707122719,0
0.31697530552950054,0.6631090876292238,0
0.7496668537278208,0.9702943028592323,0
0.9394838708558357,0.9394235071834816,0
0.24682385389690292,0.05735201830977865,0
0.6708000705390806,0.15598027454459712,1
0.9254846451073071,0.18267228789363305,1
0.8061644904995902,0.4522920399572194,0
0.9907419715249126,0.23372140165731536,1
0.082694655539993,0.033067925092577166,0
0.8506852131500062,0.11452564249791786,1
0.5840136053659748,0.4201009532397137,0
0.06275284380410667,0.28376813222992364,0
0.9667738608901586,0.02941984479957216,1
0.7701197949474481,0.22832020095619576,1
0.7285545270684517,0.6125234944149067,0
0.9383196647969669,0.13956207427463269,1
0.9147090783652454,0.1253543983129125,1
0.6217214605073675,0.0865219146055341,0
0.06975543131372602,0.6790123472534066,0
0.7691413597186063,0.16489165519542898,1
0.2735901427837671,0.6611362440989466,0
0.9368014864413123,0.8316427965550395,0
0.7991505381649602,0.3536201079163726,1
0.694529828446913,0.11743758751110389,1
0.944776669839269,0.11912103019883918,1
0.6296006809216976,0.40766672619407457,0
0.8613867537597495,0.12900130017739325,1
0.036275047584250486,0.6495787697480759,0
0.9868573174768873,0.09102877460206055,1
0.5812660827753338,0.03221565702193496,0
0.30786324636918166,0.9451094633975325,0
0.7593274374636114,0.14937489195219328,1
0.8092192090421708,0.21363269256668732,1
0.6661996535965227,0.27197715031377395,1
0.17366095142285448,0.12814292170781816,0
0.640937043983371,0.873528346118924,0
0.8015038278602362,0.10766546686919332,1
0.3581017109779528,0.7510140839206185,0
0.7828682782393064,0.16542531099490188,1
0.721365132794165,0.36670321637990705,1
0.8416229295379405,0.09857760708062296,1
0.921772122589658,0.34882065321975136,1
0.6058903861454144,0.03391841500435411,0
0.8735509896178117,0.3262155895574181,1
0.9495550462271396,0.09284954150938907,1
0.9147090783652454,0.1253543983129125,1
0.44811430270282177,0.17890071864388934,0
0.7271301048249397,0.13075918708602619,1
0.8015038278602362,0.10766546686919332,1
0.22527321384204363,0.6954482134890505,0
0.5168255437436304,0.6417886451124257,0
0.7681302528678386,0.4118979191380195,0
0.22572868191244616,0.6875321846907454,0
0.8550304798041151,0.19707396267187138,1
0.7298220529997355,0.23686299483688655,1
0.817399731056085,0.08408841385902649,1
0.8770173000982111,0.9323570294989016,0
0.9147090783652454,0.1253543983129125,1
0.17812342218420624,0.12565408155707825,0
0.7965780056728704,0.7866780691278865,0
0.17783966008027147,0.6586414850501638,0
0.8550304798041151,0.19707396267187138,1
0.7975827565573181,0.2397388477747946,1
0.7271301048249397,0.13075918708602619,1
0.17322977295811165,0.2242914639831896,0
0.762722054066834,0.3897904069238715,0
0.0607179592667052,0.2276567022200961,0
0.8131591451182307,0.33932052178472866,1
0.8092192090421708,0.21363269256668732,1
0.9207346717878577,0.01779439688280099,1
0.9489168233725247,0.1177967844962941,1
0.9907419715249126,0.23372140165731536,1
0.8550304798041151,0.19707396267187138,1
0.15777203806083795,0.018977488497694983,0
0.8924253784798619,0.20002329274581382,1
0.8416229295379405,0.09857760708062296,1
0.14945384859022132,0.1475119520151144,0
0.5179815406114858,0.02126341542069915,0
0.18858376236354762,0.082754829873319,0
0.2078373695102827,0.5197169966442678,0
0.7271578335016102,0.026128426015589457,1
0.3190148933297992,0.8420185220960592,0
0.7110415049626684,0.693100890738535,0
0.798708991270769,0.7652058901463961,0
0.9002099808245585,0.3439734533657663,1
0.7944584182682553,0.3375160214114375,1
0.3538602969396302,0.4161317073875767,0
0.8487625032585133,0.27107256923925577,1
0.24429953987154523,0.49686780521209356,0
0.9489168233725247,0.1177967844962941,1
0.7992116680042429,0.15745240498204166,1
0.14895915355406142,0.851446052862211,0
0.5209937472395891,0.4244800707749706,0
0.3162357074456685,0.2033967771664541,0
0.9696033803701176,0.17095666247251473,1
0.9472717791805887,0.17459578210170223,1
0.5166978325868719,0.8512271764422634,0
0.7444660175434539,0.35828123839378295,1
0.35320045344218126,0.5996574893618245,0
0.1833125877167588,0.764500106879139,0
0.21841349924688097,0.5639492956864154,0
0.7691413597186063,0.16489165519542898,1
0.5305927618401931,0.39761037592326626,0
0.8943151814496713,0.6187250366661614,0
0.8164523804707895,0.344190950426391,1
0.9871058971838422,0.28510542241595255,1
0.38335455313645256,0.12883959664287625,0
0.2688342597942957,0.6093250862168436,0
0.7701197949474481,0.22832020095619576,1
0.08127592617478085,0.7835545839404201,0
0.9224003561030265,0.00892416394998985,1
0.16042214545172756,0.3041926697029253,0
0.5577492833371611,0.937737460539458,0
0.8619676964485161,0.21433698967284986,1
0.8770511851682701,0.008434365165195412,1
0.7828682782393064,0.16542531099490188,1
0.8732379980118632,0.33104311551143933,1
0.7691413597186063,0.16489165519542898,1
0.7473001617184107,0.730210359574464,0
0.17817170556173528,0.16221370028502302,0
0.7279525584872475,0.42617627388938367,0
0.4163394642287666,0.6557551891539477,0
0.11282045688428843,0.5341239626721381,0
0.8961075815576658,0.18551225942070237,1
0.7298220529997355,0.23686299483688655,1
0.9504503062669809,0.3868114765631268,0
0.8138359339773571,0.3573747515585693,1
0.7007787259878704,0.13980918864492076,1
0.8735509896178117,0.3262155895574181,1
0.0,0.1186194467280065,0
0.3530757935734056,0.5542539675222204,0
0.9265087903700084,0.6411926786435216,0
0.8506852131500062,0.11452564249791786,1
0.8148337836253925,0.014711642128206415,1
0.8656861509881997,0.015071659771900447,1
0.7975827565573181,0.2397388477747946,1
0.8961075815576658,0.18551225942070237,1
0.8027941184301441,0.3232014326989971,1
0.8550304798041151,0.19707396267187138,1
0.7686382674405374,0.6053377043449912,0
0.3595287260054579,0.3363288181032275,0
0.5890962626167517,0.07564803937859649,0
0.8770511851682701,0.008434365165195412,1
0.5162345866547262,0.4537281112429195,0
0.7029020515939852,0.35154056507832937,1
0.8936522798763775,0.1069247342701043,1
0.815977414845902,0.19213523398334592,1
0.7368862102309603,0.33495186521046033,1
0.24251752129239307,0.20607627574072257,0
0.8908892319396406,0.4024532064971312,0
0.1117863939541846,0.9503585955783229,0
0.7992116680042429,0.15745240498204166,1
0.5406696514523752,0.3487354447985597,0
0.5961978806936228,0.9985147340120266,0
0.07855268026265766,0.1155575704679141,0
0.721365132794165,0.36670321637990705,1
0.1479979843604678,0.7171077656792013,0
0.8027941184301441,0.3232014326989971,1
0.8735509896178117,0.3262155895574181,1
0.460164100446023,0.19847051363274998,0
0.4922071598152467,0.14567917930705337,0
0.11474981397949391,0.6581712440272758,0
0.47186069455416274,0.06924358521458096,0
0.7714036938175954,0.2942091868340177,1
0.23470417644556324,0.24439039341526403,0
0.694529828446913,0.11743758751110389,1
0.9383196647969669,0.13956207427463269,1
0.7315350934863747,0.27088313149077775,1
0.9361231878809966,0.1980599898206556,1
0.13002217990927017,0.6100838121918712,0
0.8735509896178117,0.3262155895574181,1
0.9858633081769896,0.6177433425290193,0
0.7315350934863747,0.27088313149077775,1
0.865126637737988,0.6943745997335686,0
0.8771506154023103,0.2558887073652139,1
0.9009535885003894,0.3646305218829124,1
0.5256523254392336,0.32505156895090875,0
0.7298220529997355,0.23686299483688655,1
0.047282058736043076,0.028476220078008374,0
0.07990060148887862,0.021450261184741026,0
0.6954364186404505,0.06829830765643041,1
0.2903868839613339,0.2895459034492646,0
0.8122607193630023,0.30926604993937107,1
0.986426365607115,0.863400224788303,0
0.9402187823285935,0.2746544669414221,1
0.5590533321160791,0.884352753252136,0
0.9612826197912547,0.7153281942563074,0
0.8148337836253925,0.014711642128206415,1
0.8763281627134623,0.22572026965035163,1
0.9700495374814264,0.3497350036886276,1
0.9657460237699862,0.07401653673926795,1
0.7450744124900819,0.10376956192804465,1
0.6485189567255705,0.9872001700592066,0
0.6263464519963393,0.5317626340066361,0
0.8092192090421708,0.21363269256668732,1
0.03871816354207597,0.8786401172653346,0
0.29126511517407133,0.8863496677053906,0
0.9147090783652454,0.1253543983129125,1
0.9502753160480917,0.054042062618815334,1
0.2545216122538618,0.9761055678179993,0
0.9398186983645953,0.21279318814800285,1
0.8717760985640981,0.0818852881181864,1
0.8695375506748855,0.07925493226043384,1
0.021842292154951592,0.004361203738486585,0
0.8998085929489397,0.1447851035060374,1
0.6585885575218227,0.937577271834803,0
0.1202561814122095,0.984205107225609,0
0.7908334528777539,0.3141329721498007,1
0.27769586116476347,0.6948926886096995,0
0.00980967379279496,0.22609667106614495,0
0.7450744124900819,0.10376956192804465,1
0.6278520999211494,0.8177270259786458,0
0.5884906929356362,0.13264045430005889,0
0.43362549345238394,0.7215980215721893,0
0.8138359339773571,0.3573747515585693,1
0.9700495374814264,0.3497350036886276,1
0.6829572944954865,0.06237538671330056,1
0.7211790348378799,0.0963263130854431,1
0.03641555201969193,0.8943752957098157,0
0.5475878977502806,0.9655739956292906,0
0.8619676964485161,0.21433698967284986,1
0.9207346717878577,0.01779439688280099,1
0.088907668175364,0.06437726359948165,0
0.8491885773186845,0.17861061677942375,1
0.7991505381649602,0.3536201079163726,1
0.12514238559430646,0.5239384637706817,0
0.944776669839269,0.11912103019883918,1
0.8416229295379405,0.09857760708062296,1
0.06950611910766485,0.8077006058501683,0
0.49328346063750655,0.07767878201790196,0
0.7368862102309603,0.33495186521046033,1
0.3223518247538932,0.07946511002912193,0
0.1796553761962631,0.9255513489353624,0
0.3573145872479078,0.6888675281060133,0
0.9696033803701176,0.17095666247251473,1
0.02904313987745688,0.1473911563202659,0
0.4435535271044058,0.2800342118425823,0
0.9633246305630132,0.78214291275687,0
0.898336907249712,0.321615554088671,1
0.8998085929489397,0.1447851035060374,1
0.466352958319795,0.25452666042548094,0
0.5988276860996478,0.08570824634119617,0
0.30860664577372215,0.8443511851641496,0
0.7455231435641101,0.6798676205546825,0
0.8300666224555038,0.054770674495378036,1
0.8550304798041151,0.19707396267187138,1
0.8413313502378525,0.05929914034874145,1
0.6703630599160264,0.25431205995071143,1
0.8735509896178117,0.3262155895574181,1
0.18077739971517087,0.4637517096040303,0
0.8164523804707895,0.344190950426391,1
0.7397720935291703,0.06949301298736227,1
0.9874970119731239,0.24118161756080242,1
0.7368862102309603,0.33495186521046033,1
0.3440117730516726,0.9689569473554602,0
0.8027941184301441,0.3232014326989971,1
0.4313393787880834,0.7267156232449419,0
0.3859419202520163,0.8737831917936134,0
0.7992116680042429,0.15745240498204166,1
0.5815949028395915,0.6571271059347783,0
0.2805224683072725,0.5526866945476381,0
0.308595599783727,0.23061860837003384,0
0.07270518553224198,0.151253090842136,0
0.6359230266405447,0.5401330282379064,0
0.7944584182682553,0.3375160214114375,1
0.4100005399448751,0.07054688200737436,0
0.2865275263777543,0.8157182924916933,0
0.2674268793481876,0.2110962262858304,0
0.5373509493979425,0.12677899315448898,0
0.36764682485701244,0.5612137110701394,0
0.7593274374636114,0.14937489195219328,1
0.8949730251166188,0.34566836902253256,1
0.8416229295379405,0.09857760708062296,1
0.5548576344690721,0.8620760194999812,0
0.5499775980238975,0.8190868427045952,0
0.4484109968556868,0.17154371628854387,0
0.9398186983645953,0.21279318814800285,1
0.8770511851682701,0.008434365165195412,1
0.24837085405747533,0.3459069604157257,0
0.7029020515939852,0.35154056507832937,1
0.5632692627273141,0.06912907658165224,0
0.8164523804707895,0.344190950426391,1
0.6829572944954865,0.06237538671330056,1
0.38952629051124094,0.6668687631265608,0
0.5000202617592469,0.8870815720071925,0
0.9147090783652454,0.1253543983129125,1
0.9489168233725247,0.1177967844962941,1
0.787836894239335,0.5468216289449728,0
0.9082821544791837,0.8953057015163253,0
0.28184824654028146,0.8173410498339706,0
0.9907419715249126,0.23372140165731536,1
0.6703630599160264,0.25431205995071143,1
0.9489168233725247,0.1177967844962941,1
0.8300666224555038,0.054770674495378036,1
0.8300666224555038,0.054770674495378036,1
0.7932916790050781,0.8013676819432984,0
0.5565070972277915,0.6169762862203019,0
0.9495550462271396,0.09284954150938907,1
0.9874970119731239,0.24118161756080242,1
0.35277434998789353,0.5867835374261983,0
0.9402187823285935,0.2746544669414221,1
0.9224003561030265,0.00892416394998985,1
0.20628733821345663,0.8614290722555269,0
0.4256438882350288,0.1285155563745436,0
0.3138322636481818,0.12243333083753832,0
0.7134701414844016,0.15692343766448463,1
0.9868573174768873,0.09102877460206055,1
0.8763281627134623,0.22572026965035163,1
0.9367012432230575,0.7607037651524431,0
0.7148532446845592,0.5893717138378511,0
0.944776669839269,0.11912103019883918,1
0.12303311741320427,0.8004136394787402,0
0.5337657727451761,0.7431172102284516,0
0.9657460237699862,0.07401653673926795,1
0.8491885773186845,0.17861061677942375,1
0.11367771191709464,0.4969280000358927,0
0.721365132794165,0.36670321637990705,1
0.8735509896178117,0.3262155895574181,1
0.09366242757096338,0.027539011813873526,0
0.5467888781312915,0.42457836307735514,0
0.8998085929489397,0.1447851035060374,1
0.16940234929296877,0.8683579424492678,0
0.24506143440101996,0.09522661042208336,0
0.07026392216125987,0.3527459292700584,0
0.898336907249712,0.321615554088671,1
0.9383196647969669,0.13956207427463269,1
0.8487625032585133,0.27107256923925577,1
0.6954364186404505,0.06829830765643041,1
0.9868573174768873,0.09102877460206055,1
0.9009535885003894,0.3646305218829124,1
0.8695375506748855,0.07925493226043384,1
0.7908334528777539,0.3141329721498007,1
0.7401258636149461,0.09820115742509627,1
0.26899725007494163,0.8048327527339978,0
0.9657460237699862,0.07401653673926795,1
0.985050056425206,0.6595939060675133,0
0.9700495374814264,0.3497350036886276,1
0.6440051393779618,0.9686604697153998,0
0.6226659712499034,0.13440278259604976,0
0.4063177087271606,0.5251824739234263,0
0.8148337836253925,0.014711642128206415,1
0.8735509896178117,0.3262155895574181,1
0.36141395259968284,0.8001825690759292,0
0.6703630599160264,0.25431205995071143,1
0.7536143756750147,0.7062458924990129,0
0.47886137109443977,0.5483976719816575,0
0.8148337836253925,0.014711642128206415,1
0.7714036938175954,0.2942091868340177,1
0.15980927854412424,0.6143384484966803,0
0.2251170865899666,0.5662482689872042,0
0.6703630599160264,0.25431205995071143,1
0.7271301048249397,0.13075918708602619,1
0.9489168233725247,0.1177967844962941,1
0.38656329827341535,0.3820682815609873,0
0.8092192090421708,0.21363269256668732,1
0.6934724138114063,0.15628449433658537,1
0.9361231878809966,0.1980599898206556,1
0.13283942731659387,0.06599081731328182,0
0.7828682782393064,0.16542531099490188,1
0.9802176847841346,0.3891683379666741,0
0.47374653534710714,0.023066201162787625,0
0.929634176792975,0.2214418350577661,1
0.7298220529997355,0.23686299483688655,1
0.2766614852334089,0.21682062602859892,0
0.1624496802920859,0.6353764147123118,0
0.7450744124900819,0.10376956192804465,1
0.6829572944954865,0.06237538671330056,1
0.8923121092482484,0.2633838327408517,1
0.7975827565573181,0.2397388477747946,1
0.898336907249712,0.321615554088671,1
0.7991505381649602,0.3536201079163726,1
0.8517352019639217,0.6006788619983765,0
0.8487625032585133,0.27107256923925577,1
0.5141952606309137,0.7135835240428123,0
0.8961075815576658,0.18551225942070237,1
0.9147090783652454,0.1253543983129125,1
0.8579972272706966,0.42930255788105226,0
0.9502753160480917,0.054042062618815334,1
0.09300151272403856,0.5809634356811142,0
0.3903841860771016,0.27203189437850356,0
0.898336907249712,0.321615554088671,1
0.9874970119731239,0.24118161756080242,1
0.8281754298377957,0.7679769476127745,0
0.694529828446913,0.11743758751110389,1
0.8131591451182307,0.33932052178472866,1
0.5030927230250177,0.03358092322215056,0
0.8021635377493157,0.20324224138802532,1
0.5936704987639065,0.6450466534484167,0
0.8936522798763775,0.1069247342701043,1
0.7397720935291703,0.06949301298736227,1
0.8998085929489397,0.1447851035060374,1
0.7271578335016102,0.026128426015589457,1
0.7944584182682553,0.3375160214114375,1
0.21854981770121956,0.4945389636719774,0
0.9147090783652454,0.1253543983129125,1
0.6829572944954865,0.06237538671330056,1
0.23667670788636047,0.13373027082731614,0
0.1431449221322163,0.020498309034303774,0
0.4698921163470288,0.22932591690626242,0
0.3602205230199231,0.3034605742896394,0
0.08700163651198684,0.03850107423969301,0
0.9907419715249126,0.23372140165731536,1
0.7598873779341158,0.606827228423584,0
0.8138359339773571,0.3573747515585693,1
0.7271578335016102,0.026128426015589457,1
0.8015038278602362,0.10766546686919332,1
0.8732379980118632,0.33104311551143933,1
0.6661996535965227,0.27197715031377395,1
0.9502753160480917,0.054042062618815334,1
0.9320667615060139,0.7158285211494955,0
0.6969547704953138,0.5178336392038072,0
0.5182224040245145,0.04034777388277949,0
0.9472717791805887,0.17459578210170223,1
0.16949525602999632,0.7311529572390265,0
0.4961741228960443,0.8116394374328237,0
0.7401258636149461,0.09820115742509627,1
0.7397720935291703,0.06949301298736227,1
0.3206228662923403,0.17227579343005406,0
0.7368862102309603,0.33495186521046033,1
0.6425251133442877,0.5045540242218034,0
0.9383196647969669,0.13956207427463269,1
0.7790721558829539,0.1273524939076297,1
0.9495550462271396,0.09284954150938907,1
0.6418102755848836,0.20823616778003345,0
0.6934724138114063,0.15628449433658537,1
0.5305647904756885,0.9662801469257887,0
0.997142535982326,0.19499408864323253,1
0.694529828446913,0.11743758751110389,1
0.5744795304810981,0.3513699451476941,0
0.6315732058751522,0.6200562817460702,0
0.8763281627134623,0.22572026965035163,1
0.1368977608476783,0.5814164153522585,0
0.4915793662800731,0.17397165012611027,0
0.7790721558829539,0.1273524939076297,1
0.7179421007402951,0.18195022604819527,1
0.8219445428513275,0.5324098565648889,0
0.040795750490874916,0.47847774337684873,0
0.8770511851682701,0.008434365165195412,1
0.9539847687778549,0.7763321743160991,0
0.4245622128126633,0.5497305777863422,0
0.6661996535965227,0.27197715031377395,1
0.8619676964485161,0.21433698967284986,1
0.8168257059117261,0.9585018731551083,0
0.2383918086133941,0.7076460913684217,0
0.7975827565573181,0.2397388477747946,1
0.950099063109515,0.10911649362170406,1
0.4294233320685695,0.915754054932036,0
0.007559602214226746,0.5659511800589005,0
0.8131591451182307,0.33932052178472866,1
0.6947564592992592,0.6428050075631557,0
0.7211790348378799,0.0963263130854431,1
0.9932137729401285,0.6669124154756889,0
0.9667738608901586,0.02941984479957216,1
0.3951655577888082,0.40128863294712863,0
0.1667113786996675,0.5953165190976557,0
0.8619676964485161,0.21433698967284986,1
0.9147090783652454,0.1253543983129125,1
0.49029515265970264,0.028022431681755722,0
0.6708000705390806,0.15598027454459712,1
0.38543205109370154,0.9126171685577944,0
0.36608066497804254,0.6894095117868322,0
0.8770511851682701,0.008434365165195412,1
0.8092192090421708,0.21363269256668732,1
0.9402187823285935,0.2746544669414221,1
0.3158960308594792,0.8708447996557274,0
0.6320035743439425,0.33316814145397905,0
0.7499244357264825,0.6162713506691433,0
0.7121123332628831,0.6488971391039333,0
0.7743060108831064,0.5277266263386433,0
0.5924100022754348,0.05726700115780453,0
0.6762556958260777,0.6160524496235458,0
0.9293109250056575,0.12980023905787735,1
0.921772122589658,0.34882065321975136,1
0.929634176792975,0.2214418350577661,1
0.7992116680042429,0.15745240498204166,1
0.6187181255951943,0.9002298181960051,0
0.346279289135132,0.8716347097785395,0
0.5933618955600497,0.257056476351148,0
0.9657460237699862,0.07401653673926795,1
0.4188509074268903,0.7453512361040409,0
0.6393848827169875,0.9918111130011193,0
0.6955231865354894,0.3893445491149003,0
0.8936522798763775,0.1069247342701043,1
0.8550304798041151,0.19707396267187138,1
0.46030988642577003,0.8274677643782673,0
0.8770511851682701,0.008434365165195412,1
0.550118633197558,0.44709335091899155,0
0.18283350884944444,0.11358025465719196,0
0.929634176792975,0.2214418350577661,1
0.35661164254027405,0.5990815127958746,0
0.3963183277278221,0.7689303086846568,0
0.9472717791805887,0.17459578210170223,1
0.6142366487494708,0.4238877678939546,0
0.6260024520534724,0.0025500988413642567,0
0.9901943708127792,0.1028376704654716,1
0.8998085929489397,0.1447851035060374,1
0.47115516904833227,0.46115919072346295,0
0.5519346613443104,0.7619657988821027,0
0.08708260817248703,0.8683567128761887,0
0.5095495236692551,0.6642205129543353,0
0.7271301048249397,0.13075918708602619,1
0.8968858476609285,0.969347510960781,0
0.4596325758593048,0.06367603484005468,0
0.5054623745579594,0.39695499446270904,0
0.8961075815576658,0.18551225942070237,1
0.7790721558829539,0.1273524939076297,1
0.721365132794165,0.36670321637990705,1
0.7828682782393064,0.16542531099490188,1
0.4170174088087644,0.6579928706672982,0
0.898336907249712,0.321615554088671,1
0.4156536808354115,0.7176350824441018,0
0.6954364186404505,0.06829830765643041,1
0.8138359339773571,0.3573747515585693,1
0.6711848702505945,0.4506954525799339,0
0.997142535982326,0.19499408864323253,1
0.6997760527021073,0.026857506668636566,1
0.9719264461734862,0.5914396756776539,0
0.7790721558829539,0.1273524939076297,1
0.7975827565573181,0.2397388477747946,1
0.7755924703758346,0.5185284460425119,0
0.9002099808245585,0.3439734533657663,1
0.5522599781794804,0.33228424306604004,0
0.8949730251166188,0.34566836902253256,1
0.8917971351726806,0.9845049707642013,0
0.10914238669347287,0.09554087498264652,0
0.48721508257685714,0.679507720988755,0
0.921772122589658,0.34882065321975136,1
0.8029862089443744,0.08860567744559078,1
0.9901943708127792,0.1028376704654716,1
0.8924253784798619,0.20002329274581382,1
0.921772122589658,0.34882065321975136,1
0.8923121092482484,0.2633838327408517,1
0.944776669839269,0.11912103019883918,1
0.8148337836253925,0.014711642128206415,1
0.6934724138114063,0.15628449433658537,1
0.016031254482150703,0.2188237012656798,0
0.7691413597186063,0.16489165519542898,1
0.9130958016476338,0.036539577950816526,1
0.020821042294191405,0.5464531140963322,0
0.6588029417645176,0.8718824126131708,0
0.5794538372198184,0.13245194398256116,0
0.5629757700751894,0.8419836479296139,0
0.6703630599160264,0.25431205995071143,1
0.49504932841551136,0.6773749877231201,0
0.021987341020171358,0.9009111509655514,0
0.8656861509881997,0.015071659771900447,1
0.8717760985640981,0.0818852881181864,1
0.9383196647969669,0.13956207427463269,1
0.815977414845902,0.19213523398334592,1
0.7029020515939852,0.35154056507832937,1
0.013544724328427848,0.038601497857137124,0
0.6829572944954865,0.06237538671330056,1
0.2939341880126816,0.36038828892802716,0
0.2229594529180135,0.2575652341377815,0
0.6667296562646043,0.5539743018883909,0
0.3192909292584321,0.6400431193486324,0
0.25486486034906036,0.5455547327307717,0
0.7007787259878704,0.13980918864492076,1
0.09763023875212679,0.9927165790019008,0
0.22072199151280852,0.7946144257917094,0
0.9002099808245585,0.3439734533657663,1
0.5844700994810343,0.737019523779537,0
0.006754817297299542,0.6889295459495408,0
0.24586848988833604,0.17132881256459842,0
0.33885055884172105,0.36611538754117373,0
0.898336907249712,0.321615554088671,1
0.012014851103390678,0.981702840019363,0
0.2824682108497247,0.9776755241376169,0
0.9868573174768873,0.09102877460206055,1
0.9969039487089846,0.7156551477041746,0
0.8291846842220669,0.7071530617140831,0
0.9062939332958897,0.7599628669974887,0
0.24190589685281355,0.8397789929820114,0
0.8936522798763775,0.1069247342701043,1
0.7828682782393064,0.16542531099490188,1
0.581883668689678,0.618625667160893,0
0.6934724138114063,0.15628449433658537,1
0.33604923149026483,0.042686171362153524,0
0.6166163084937097,0.4874829640325447,0
0.11569869265231186,0.08623424997833362,0
0.8949730251166188,0.34566836902253256,1
0.7211790348378799,0.0963263130854431,1
0.7271301048249397,0.13075918708602619,1
0.8770511851682701,0.008434365165195412,1
0.5353946967103702,0.6431328130561615,0
0.9141592819658637,0.8249697752974894,0
0.7298220529997355,0.23686299483688655,1
0.8491885773186845,0.17861061677942375,1
0.22870460656108121,0.4145127640688981,0
0.23859579166851236,0.7523607609328569,0
0.7271578335016102,0.026128426015589457,1
0.8027941184301441,0.3232014326989971,1
0.22004519455476118,0.8708483622745933,0
0.6802135062723771,0.649453699966577,0
0.7714036938175954,0.2942091868340177,1
0.9254846451073071,0.18267228789363305,1
0.5697807684241933,0.9230507082509991,0
0.5524368976190859,0.17958288195308014,0
0.08111627883610273,0.11873484390243416,0
0.7007787259878704,0.13980918864492076,1
0.4249975821019006,0.18391972810389473,0
0.25540309874181283,0.8861308027966774,0
0.8732379980118632,0.33104311551143933,1
0.2815923144842745,0.2648175148192757,0
0.2560497283370577,0.32494963591766773,0
0.20134173611541356,0.732640390509522,0
0.8487625032585133,0.27107256923925577,1
0.9871058971838422,0.28510542241595255,1
0.7315350934863747,0.27088313149077775,1
0.13354520900165096,0.5401031579703832,0
0.12062344398666097,0.2628281041868407,0
0.5472841875947483,0.24481638359956037,0
0.7211790348378799,0.0963263130854431,1
0.7007787259878704,0.13980918864492076,1
0.7340463814271951,0.6560142319016713,0
0.23901307446533676,0.14976754602122377,0
0.6705560676162352,0.8734276407607258,0
0.6829572944954865,0.06237538671330056,1
0.9402187823285935,0.2746544669414221,1
0.7315350934863747,0.27088313149077775,1
0.902355373550936,0.16502881103927391,1
0.7050751902144254,0.1993937897355057,1
0.9498357151667458,0.6069961690792858,0
0.29000392942237446,0.03626324194016167,0
0.9051669257783301,0.9092736229610232,0
0.8619676964485161,0.21433698967284986,1
0.7991505381649602,0.3536201079163726,1
0.9002099808245585,0.3439734533657663,1
0.9207346717878577,0.01779439688280099,1
0.8656861509881997,0.015071659771900447,1
0.7050751902144254,0.1993937897355057,1
0.7714036938175954,0.2942091868340177,1
0.45586112849539756,0.6221151807010457,0
0.7790721558829539,0.1273524939076297,1
0.8560648200913292,0.5776548547176579,0
0.8300666224555038,0.054770674495378036,1
0.9696033803701176,0.17095666247251473,1
0.6927206932061347,0.03534254741682985,1
0.9246054297071391,0.6318073645516611,0
0.8318988597228953,0.9444342117723803,0
0.8166032511540253,0.6872822500191025,0
0.1979681819222377,0.8138483226360307,0
0.2833014716310343,0.030099359338458476,0
0.7007787259878704,0.13980918864492076,1
0.902355373550936,0.16502881103927391,1
0.33190468735936746,0.23889206790576012,0
0.46324253092931417,0.08497151287607091,0
0.6997760527021073,0.026857506668636566,1
0.2360900969639182,0.8369793844936528,0
0.07750790991956164,0.32234185127964693,0
0.9361231878809966,0.1980599898206556,1
0.7397720935291703,0.06949301298736227,1
0.7975827565573181,0.2397388477747946,1
0.8923121092482484,0.2633838327408517,1
0.48226096120534817,0.958051965851751,0
0.14095555397360754,0.6969045979744168,0
0.6954364186404505,0.06829830765643041,1
0.8965624081193431,0.7238745616811679,0
0.010878052076423839,0.7606998386549055,0
0.8383861863602418,0.7640612987356961,0
0.227561088353956,0.6882856472310348,0
0.26473260642814395,0.8767681959969,0
0.4904030935911841,0.9312734971560697,0
0.5736613272533622,0.5913820001828967,0
0.6708000705390806,0.15598027454459712,1
0.7569339254833676,0.7187179041259266,0
0.7368862102309603,0.33495186521046033,1
0.7029020515939852,0.35154056507832937,1
0.8619676964485161,0.21433698967284986,1
0.9868573174768873,0.09102877460206055,1
0.14863747645020597,0.7370943993841288,0
0.6906573062265053,0.44988034752816625,0
0.890005559456869,0.4471766595377717,0
0.37449252734635435,0.9273106929348003,0
0.009961597436838332,0.27262498400991103,0
0.07597509082323739,0.8681413029351097,0
0.7450744124900819,0.10376956192804465,1
0.7701197949474481,0.22832020095619576,1
0.5969601320493094,0.7317907483938342,0
0.9361231878809966,0.1980599898206556,1
0.997142535982326,0.19499408864323253,1
0.14650484413847203,0.9273443980391562,0
0.06626236081001896,0.48529700865037323,0
0.15211001916144268,0.6580687505650815,0
0.9147276588284883,0.7706354929285444,0
0.7987034841468998,0.6501325593618708,0
0.8525672460684524,0.6157747893997152,0
0.029903454142059915,0.31673928592448225,0
0.20269782339251358,0.0646402261739884,0
0.701298487004683,0.4785411992101822,0
0.9868573174768873,0.09102877460206055,1
0.2753676943833779,0.8673759017898468,0
0.902355373550936,0.16502881103927391,1
0.9874970119731239,0.24118161756080242,1
0.8695375506748855,0.07925493226043384,1
0.8027941184301441,0.3232014326989971,1
0.6319518291150441,0.6415480561526619,0
0.461333536269467,0.6025226499946119,0
0.9696033803701176,0.17095666247251473,1
0.8656861509881997,0.015071659771900447,1
0.8732379980118632,0.33104311551143933,1
0.8021635377493157,0.20324224138802532,1
0.6778012485147051,0.8259918840212652,0
0.8717760985640981,0.0818852881181864,1
0.9398186983645953,0.21279318814800285,1
0.29821136610259075,0.7331855491177997,0
0.5825451193618307,0.3225948907628288,0
0.6703630599160264,0.25431205995071143,1
0.32563279580369636,0.11934570565820385,0
0.8770511851682701,0.008434365165195412,1
0.040872850247548886,0.3692252307397977,0
0.618540298136947,0.3714467110905762,0
0.8923121092482484,0.2633838327408517,1
0.6572917702403771,0.4370599667644242,0
0.07418894877720006,0.8950034670076938,0
0.8164523804707895,0.344190950426391,1
0.997142535982326,0.19499408864323253,1
0.7029020515939852,0.35154056507832937,1
0.9700137907022881,0.7380388423454263,0
0.8055279026098707,0.5566830755881529,0
0.9867323737515303,0.5144182879309545,0
0.7991505381649602,0.3536201079163726,1
0.006236275715502282,0.8055165073736767,0
0.7593274374636114,0.14937489195219328,1
0.9667738608901586,0.02941984479957216,1
0.6708000705390806,0.15598027454459712,1
0.815977414845902,0.19213523398334592,1
0.8735509896178117,0.3262155895574181,1
0.963724031005105,0.9211340736444178,0
0.694529828446913,0.11743758751110389,1
0.8949730251166188,0.34566836902253256,1
0.7992116680042429,0.15745240498204166,1
0.8487625032585133,0.27107256923925577,1
0.7056933447330307,0.9882640139624705,0
0.06846745638459883,0.30587539249001144,0
0.8902703576166093,0.7549242949341191,0
0.4536674416767171,0.9446421523168698,0
0.7940816755959543,0.8942832746271414,0
0.9874970119731239,0.24118161756080242,1
0.23415624667271145,0.8719426027618993,0
0.16511447031828602,0.18936952463547302,0
0.37691266581580457,0.14622610949399778,0
0.950099063109515,0.10911649362170406,1
0.8487625032585133,0.27107256923925577,1
0.5593942334586057,0.511415948737916,0
0.8015038278602362,0.10766546686919332,1
0.5293238912796359,0.9365571497489711,0
0.8717760985640981,0.0818852881181864,1
0.9495550462271396,0.09284954150938907,1
0.8763281627134623,0.22572026965035163,1
0.8027941184301441,0.3232014326989971,1
0.04742457476346151,0.4309190626027502,0
0.8735509896178117,0.3262155895574181,1
0.7991505381649602,0.3536201079163726,1
0.9224003561030265,0.00892416394998985,1
0.8550304798041151,0.19707396267187138,1
0.9901943708127792,0.1028376704654716,1
0.5881761672318784,0.4221259843223894,0
0.5386502141336866,0.04893921112747529,0
0.8131591451182307,0.33932052178472866,1
0.8763281627134623,0.22572026965035163,1
0.09897825961359669,0.1644492978721367,0
0.7450744124900819,0.10376956192804465,1
0.23895200311973724,0.14370244996564752,0
0.7309540827978158,0.8730491206823674,0
0.053715566241432755,0.6916898611594811,0
0.9657460237699862,0.07401653673926795,1
0.3958178989731556,0.7423124132562959,0
0.9361231878809966,0.1980599898206556,1
0.9254846451073071,0.18267228789363305,1
0.8993623312895429,0.47995188312872156,0
0.8258841265278314,0.7359838297867121,0
0.8015038278602362,0.10766546686919332,1
0.19155231988273008,0.6509250306776648,0
0.7050751902144254,0.1993937897355057,1
0.512119147999806,0.8445442354266315,0
0.8487625032585133,0.27107256923925577,1
0.1240233098711187,0.4266043838396388,0
0.921772122589658,0.34882065321975136,1
0.7211790348378799,0.0963263130854431,1
0.46925022525794485,0.7805128129908039,0
0.04157493277633478,0.9752854087787732,0
0.7354263549203801,0.7743814310288994,0
0.39459444264388216,0.9557526199016393,0
0.9700495374814264,0.3497350036886276,1
0.694529828446913,0.11743758751110389,1
0.608980763882571,0.06520210967430207,0
0.8657989616537893,0.8492082328113866,0
0.5764811479587468,0.3244775316851665,0
0.20425802752147032,0.5531125882961578,0
0.7843987481555792,0.47279471844704885,0
0.09662080680755708,0.9718743632217557,0
0.26591802210183085,0.9930433093951057,0
0.9697181388224754,0.8748116631496587,0
0.7450744124900819,0.10376956192804465,1
0.18283655867206944,0.877581390628823,0
0.27877253529705853,0.7731965174859143,0
0.3222821147786928,0.6266713946442579,0
0.9902884508693968,0.7973744784035526,0
0.5750980947819417,0.21068801092947426,0
0.3346276255765703,0.21779354211643104,0
0.6934724138114063,0.15628449433658537,1
0.8656861509881997,0.015071659771900447,1
0.09527759718765816,0.7260055671563856,0
0.8627110667590407,0.7861175648283298,0
0.7298220529997355,0.23686299483688655,1
0.5885552860143348,0.3035407842837882,0
0.817399731056085,0.08408841385902649,1
0.32213438002191513,0.4659559948568222,0
0.7714036938175954,0.2942091868340177,1
0.8770511851682701,0.008434365165195412,1
0.544755374761271,0.8701912859665908,0
0.817399731056085,0.08408841385902649,1
0.07158308943949543,0.6945688037351723,0
0.16567490811956492,0.6849529530488112,0
0.1774732085736475,0.11861796234363248,0
0.9871058971838422,0.28510542241595255,1
0.9868573174768873,0.09102877460206055,1
0.9002099808245585,0.3439734533657663,1
0.168515994728278,0.07649212255895677,0
0.8961075815576658,0.18551225942070237,1
0.721365132794165,0.36670321637990705,1
0.16957492276409764,0.3788463652018383,0
0.37366767751926583,0.6467169095001544,0
0.7991505381649602,0.3536201079163726,1
0.015152981801612009,0.6354908393160614,0
0.9700495374814264,0.3497350036886276,1
0.7701197949474481,0.22832020095619576,1
0.8029862089443744,0.08860567744559078,1
0.2776670396207673,0.41973563879068604,0
0.950099063109515,0.10911649362170406,1
0.9657460237699862,0.07401653673926795,1
0.634898501531437,0.9695731442462721,0
0.3811322153638828,0.016035019055437083,0
0.8416229295379405,0.09857760708062296,1
0.8695375506748855,0.07925493226043384,1
0.6505261494976402,0.16101815725857926,0
0.436484434860608,0.07719025602984819,0
0.721164600439606,0.43604380560665595,0
0.9495550462271396,0.09284954150938907,1
0.42645776697750165,0.24643357484231104,0
0.9293109250056575,0.12980023905787735,1
0.490396048671998,0.5935161261386477,0
0.9700495374814264,0.3497350036886276,1
0.7908334528777539,0.3141329721498007,1
0.9901943708127792,0.1028376704654716,1
0.8695375506748855,0.07925493226043384,1
0.1329067573497693,0.43864959332471426,0
0.8868125080598359,0.749284248409851,0
0.902355373550936,0.16502881103927391,1
0.9907419715249126,0.23372140165731536,1
0.31491907443203765,0.8621895865629974,0
0.8619676964485161,0.21433698967284986,1
0.7368862102309603,0.33495186521046033,1
0.9207346717878577,0.01779439688280099,1
0.6611393312357083,0.614984656972569,0
0.5788007566087323,0.9283975001356681,0
0.3607705319367475,0.47919141559253325,0
0.36487691280856854,0.9439890988042383,0
0.7050751902144254,0.1993937897355057,1
0.08427463407154046,0.7668876785138854,0
0.997142535982326,0.19499408864323253,1
0.6891495274107788,0.5388437022518526,0
0.7704244589040621,0.38256386224307953,0
0.8148337836253925,0.014711642128206415,1
0.817399731056085,0.08408841385902649,1
0.43498054554064486,0.09266961528777812,0
0.921772122589658,0.34882065321975136,1
0.5436564844024008,0.630741636909097,0
0.7271301048249397,0.13075918708602619,1
0.6405474975640066,0.7579284999780835,0
0.9080965670707808,0.7078377084526213,0
0.7828682782393064,0.16542531099490188,1
0.8296651060426958,0.7998959394595073,0
0.03241421915872711,0.8787549793161626,0
0.886939450209161,0.9917234117732683,0
0.9657460237699862,0.07401653673926795,1
0.8711095039285044,0.5790710419208698,0
0.8416229295379405,0.09857760708062296,1
0.4583994803855033,0.5178115609784157,0
0.19210317396357918,0.17713877644273945,0
0.7593274374636114,0.14937489195219328,1
0.24391476117651384,0.6804885347364482,0
0.3380958492874179,0.9634391810694791,0
0.5092128257632671,0.47911148141109666,0
0.48938888021795207,0.25543644251657255,0
0.8619676964485161,0.21433698967284986,1
0.35044240153879286,0.6675341940472201,0
0.694529828446913,0.11743758751110389,1
0.7370235850695617,0.7854215203655173,0
0.9871058971838422,0.28510542241595255,1
0.40775474946928697,0.3945247395964709,0
0.7179421007402951,0.18195022604819527,1
0.7364885875882177,0.7985339807916427,0
0.9874970119731239,0.24118161756080242,1
0.157362599093957,0.22206717118676522,0
0.45213097147555376,0.5433379842741806,0
0.32787730559247813,0.4159449906342189,0
0.7714036938175954,0.2942091868340177,1
0.8763281627134623,0.22572026965035163,1
0.6661996535965227,0.27197715031377395,1
0.7828682782393064,0.16542531099490188,1
0.7691413597186063,0.16489165519542898,1
0.7975827565573181,0.2397388477747946,1
0.18697455601578133,0.24997379131555436,0
0.7271578335016102,0.026128426015589457,1
0.13904296480316902,0.45324598352182194,0
0.5682215866792892,0.061223600977082626,0
0.520167522166318,0.19768407719130843,0
0.7211790348378799,0.0963263130854431,1
0.41481753859820364,0.7229523496504502,0
0.6829572944954865,0.06237538671330056,1
0.1353049856770543,0.9763701283988775,0
0.49933819419666964,0.10210035949441804,0
0.9495550462271396,0.09284954150938907,1
0.5064274296564588,0.9280648775295421,0
0.8077348164798261,0.6957173954262623,0
0.6954364186404505,0.06829830765643041,1
0.7401258636149461,0.09820115742509627,1
0.07346363997882988,0.4620336045251096,0
0.6050564825328482,0.29443751635398,0
0.6829572944954865,0.06237538671330056,1
0.9147090783652454,0.1253543983129125,1
0.371734931297729,0.18260940964209788,0
0.9901943708127792,0.1028376704654716,1
0.1155299776468226,0.9431015761582804,0
0.9207346717878577,0.01779439688280099,1
0.5314407546949385,0.48648663713862433,0
0.8923121092482484,0.2633838327408517,1
0.8735509896178117,0.3262155895574181,1
0.43828460777244255,0.5438778591847921,0
0.7975827565573181,0.2397388477747946,1
0.8487625032585133,0.27107256923925577,1
0.6703630599160264,0.25431205995071143,1
0.7271301048249397,0.13075918708602619,1
0.7763300502869028,0.4958429536809578,0
0.6934724138114063,0.15628449433658537,1
0.9696033803701176,0.17095666247251473,1
0.631876998053313,0.5919738581773697,0
0.1065232062391967,0.4579708723121118,0
0.9495550462271396,0.09284954150938907,1
0.01792537688636958,0.09011522299411895,0
0.136965297340586,0.2364584974637034,0
0.9142729800826328,0.7352421070480402,0
0.7029020515939852,0.35154056507832937,1
0.36733187454509814,0.8447789580194334,0
0.36494457498398086,0.8257400462070072,0
0.630302717145754,0.5299675459760056,0
0.817399731056085,0.08408841385902649,1
0.8695375506748855,0.07925493226043384,1
0.902355373550936,0.16502881103927391,1
0.9130958016476338,0.036539577950816526,1
0.9657460237699862,0.07401653673926795,1
0.706914580259927,0.4880635563040277,0
0.9745520743738996,0.3780056533845721,0
0.5037321719372083,0.5109475765945422,0
0.08979118210677384,0.006577608575585481,0
0.6871472553439817,0.7274888020403782,0
0.7606165444137747,0.5143345703068385,0
0.7271301048249397,0.13075918708602619,1
0.8506852131500062,0.11452564249791786,1
0.6661996535965227,0.27197715031377395,1
0.7315350934863747,0.27088313149077775,1
0.6117897215771841,0.8128600318564438,0
0.9009535885003894,0.3646305218829124,1
0.9147090783652454,0.1253543983129125,1
0.2093610117333789,0.2345446292859924,0
0.2210591619657512,0.9804823479425082,0
0.7397720935291703,0.06949301298736227,1
0.6622938861308985,0.02105359950291913,0
0.33049129850631337,0.6141311897809107,0
0.08448570304341907,0.35312150635846146,0
0.5407498542369265,0.9019753277907094,0
0.7828682782393064,0.16542531099490188,1
0.6661996535965227,0.27197715031377395,1
0.9402187823285935,0.2746544669414221,1
0.571614981039831,0.0540743202823773,0
0.541582363243722,0.25757489858742016,0
0.997142535982326,0.19499408864323253,1
0.9306990833773399,0.8288183731361201,0
0.8771506154023103,0.2558887073652139,1
0.6575232179465531,0.5070714558501279,0
0.3434015667542601,0.03888088362009445,0
0.8619676964485161,0.21433698967284986,1
0.921772122589658,0.34882065321975136,1
0.6954364186404505,0.06829830765643041,1
0.8550304798041151,0.19707396267187138,1
0.7701197949474481,0.22832020095619576,1
0.8300666224555038,0.054770674495378036,1
0.8619676964485161,0.21433698967284986,1
0.8184926538124317,0.7290637155369923,0
0.6360512265165759,0.1644413056565755,0
0.6225764432129623,0.9969088514650302,0
0.7444660175434539,0.35828123839378295,1
0.6261531657003954,0.008936510331270353,0
0.7714036938175954,0.2942091868340177,1
0.268034222676042,0.9846111961421373,0
0.6079198416780984,0.7972408911354769,0
0.7271578335016102,0.026128426015589457,1
0.9130958016476338,0.036539577950816526,1
0.48518353682250187,0.0,0
0.3476640786691247,0.8225253838513686,0
0.902355373550936,0.16502881103927391,1
0.6273940575855479,0.9698840191761806,0
0.347993149584165,0.6383302257052554,0
0.7315350934863747,0.27088313149077775,1
0.7315350934863747,0.27088313149077775,1
0.5396542413251928,0.47957920350579647,0
0.7593274374636114,0.14937489195219328,1
0.8643380125189375,0.5379898156788239,0
0.8416229295379405,0.09857760708062296,1
0.8924253784798619,0.20002329274581382,1
0.8139426962871303,0.6230479823082071,0
0.5532878385283655,0.06486557905048995,0
0.7050751902144254,0.1993937897355057,1
0.4929675018104052,0.7905124357042628,0
0.7060765182474651,0.9569237874484324,0
0.10376936292819383,0.3482318568366554,0
0.7397720935291703,0.06949301298736227,1
0.49416271258410077,0.8728327119553718,0
0.9667738608901586,0.02941984479957216,1
0.7944584182682553,0.3375160214114375,1
0.8122607193630023,0.30926604993937107,1
0.6934724138114063,0.15628449433658537,1
0.9009535885003894,0.3646305218829124,1
0.7542116926886491,0.8398382356039109,0
0.09025447982886337,0.8544174934448114,0
0.5906853803902663,0.3170885851578164,0
0.8487625032585133,0.27107256923925577,1
0.8487625032585133,0.27107256923925577,1
0.9667738608901586,0.02941984479957216,1
0.2545606045458368,0.09967066520306694,0
0.9700495374814264,0.3497350036886276,1
0.7714776798498142,0.6323388691410543,0
0.7701197949474481,0.22832020095619576,1
0.9207346717878577,0.01779439688280099,1
0.8550304798041151,0.19707396267187138,1
0.429136449816418,0.08474690596960277,0
0.1742603200197786,0.43785255269243556,0
0.3897283458045177,0.448271852439393,0
0.6948123244212809,0.49024142518688557,0
0.3954801985889374,0.7743616050568447,0
0.8300666224555038,0.054770674495378036,1
0.7992116680042429,0.15745240498204166,1
0.9361231878809966,0.1980599898206556,1
0.8619676964485161,0.21433698967284986,1
0.7315350934863747,0.27088313149077775,1
0.8067728963153382,0.8889117145133054,0
0.7029020515939852,0.35154056507832937,1
0.10304639435425766,0.9274882198980057,0
0.8961075815576658,0.18551225942070237,1
0.721365132794165,0.36670321637990705,1
0.08737946356419823,0.6562335580621945,0
0.902355373550936,0.16502881103927391,1
0.7401258636149461,0.09820115742509627,1
0.8695375506748855,0.07925493226043384,1
0.8416229295379405,0.09857760708062296,1
0.9472717791805887,0.17459578210170223,1
0.24296402039975434,0.4352885106180841,0
0.8763281627134623,0.22572026965035163,1
0.663666139045229,0.2182239303059812,0
0.9197435347894167,0.5290968385849204,0
0.4215703926381608,0.34780821565687864,0
0.6834579006911254,0.37841705719255153,0
0.8220081732900453,0.5664777707680668,0
0.05921734200945361,0.8792451654548796,0
0.18439531980714025,0.07024490958028173,0
0.0770956325373523,0.6727737629552635,0
0.8969918666761958,0.5811632541599512,0
0.8021635377493157,0.20324224138802532,1
0.817399731056085,0.08408841385902649,1
0.9667738608901586,0.02941984479957216,1
0.6927206932061347,0.03534254741682985,1
0.6041116120830505,0.9196726389595984,0
0.5407213539873856,0.7371686239040074,0
0.25890436790273635,0.9410412083913751,0
0.8550304798041151,0.19707396267187138,1
0.9009535885003894,0.3646305218829124,1
0.31989653337537666,0.8015593824619764,0
0.43767134076527164,0.31326389858038556,0
0.9224003561030265,0.00892416394998985,1
0.7466466398761218,0.7690123666806132,0
0.9907419715249126,0.23372140165731536,1
0.7944584182682553,0.3375160214114375,1
0.997142535982326,0.19499408864323253,1
0.8122607193630023,0.30926604993937107,1
0.4497963745719518,0.2907097894893999,0
0.15694732244275733,0.9977020316796295,0
0.7029020515939852,0.35154056507832937,1
0.9107710087396319,0.5791575323665636,0
0.6184801607276633,0.9600107780424929,0
0.897834539351809,0.8465166798211627,0
0.7189376244538053,0.25241267200208756,1
0.05037718693184445,0.6238186468934037,0
0.05192643735000679,0.2132682760182592,0
0.7315350934863747,0.27088313149077775,1
0.42265857350635144,0.7939998702189366,0
0.7908334528777539,0.3141329721498007,1
0.27670690515713964,0.4856914868518483,0
0.8603265055721934,0.40678256914077,0
0.9622694540907444,1.0000000000000002,0
0.6703630599160264,0.25431205995071143,1
0.7271301048249397,0.13075918708602619,1
0.8965393093241989,0.878096809373627,0
0.8998085929489397,0.1447851035060374,1
0.020889763342091472,0.7793312050168759,0
0.5957085995542162,0.4324463611114529,0
0.8949730251166188,0.34566836902253256,1
0.9506469354324623,0.26754924915346984,1
0.4120168958384906,0.2383813792042374,0
0.02426992420391494,0.4093676609563918,0
0.9700449693795672,0.9882094245355459,0
0.08060179649651,0.9703856514270404,0
0.8354538097021091,0.4508151642624239,0
0.9874970119731239,0.24118161756080242,1
0.9489168233725247,0.1177967844962941,1
0.12346338156179942,0.8922610663202302,0
0.8998085929489397,0.1447851035060374,1
0.898336907249712,0.321615554088671,1
0.8459776989968142,0.784784020730863,0
0.17158247189128045,0.5972794025436747,0
0.6437041547364555,0.6331964593811574,0
0.9874970119731239,0.24118161756080242,1
0.8923121092482484,0.2633838327408517,1
0.031464880217377256,0.5164582647883014,0
0.06504895116540921,0.23521996457404182,0
0.6708000705390806,0.15598027454459712,1
0.7050751902144254,0.1993937897355057,1
0.4898917695547285,0.6061820148942223,0
0.9495550462271396,0.09284954150938907,1
0.4508725571678092,0.6554372097388013,0
0.7298220529997355,0.23686299483688655,1
0.2014978483718231,0.9192054218395256,0
0.9825753126149306,0.3026121749623179,1
0.9002099808245585,0.3439734533657663,1
0.7397720935291703,0.06949301298736227,1
0.7790721558829539,0.1273524939076297,1
0.631874081526784,0.988327385540894,0
0.2889325410825417,0.9246959725845385,0
0.3378317405675642,0.33505965997991843,0
0.7944584182682553,0.3375160214114375,1
0.06688532332548064,0.24494471222369663,0
0.9694346535311542,0.7976299987618694,0
0.2701024267107682,0.30523297171094804,0
0.019781154940061718,0.4717865729534701,0
0.8506852131500062,0.11452564249791786,1
0.8771506154023103,0.2558887073652139,1
0.8506852131500062,0.11452564249791786,1
0.9254846451073071,0.18267228789363305,1
0.8029862089443744,0.08860567744559078,1
0.3112535669508422,0.8839305686498617,0
0.9207346717878577,0.01779439688280099,1
0.8735509896178117,0.3262155895574181,1
0.6927206932061347,0.03534254741682985,1
0.9207346717878577,0.01779439688280099,1
0.6396591184895619,0.8408523704776085,0
0.9472717791805887,0.17459578210170223,1
0.815977414845902,0.19213523398334592,1
0.03632161567191272,0.003179705422133139,0
0.8619676964485161,0.21433698967284986,1
0.8923121092482484,0.2633838327408517,1
0.9147090783652454,0.1253543983129125,1
0.09996783588611419,0.7607977572902174,0
0.5918690822069621,0.1249706756947288,0
0.3981761707114753,0.6130476842643753,0
0.7368862102309603,0.33495186521046033,1
0.8770511851682701,0.008434365165195412,1
0.950099063109515,0.10911649362170406,1
0.6954364186404505,0.06829830765643041,1
0.3552766487268884,0.48216178587191766,0
0.6166531979956582,0.17274188177805488,0
0.9224003561030265,0.00892416394998985,1
0.8413313502378525,0.05929914034874145,1
0.00841123626269269,0.3535112520143569,0
0.6205040511322635,0.8628616035548455,0
0.05903305655301677,0.43795965912135454,0
0.7368862102309603,0.33495186521046033,1
0.9293109250056575,0.12980023905787735,1
0.8695375506748855,0.07925493226043384,1
0.17477152745648344,0.46008963925490937,0
0.5086147905255931,0.25751524665467723,0
0.45001904409072496,0.6009496617562917,0
0.6954364186404505,0.06829830765643041,1
0.2545063958634604,0.061870720375149735,0
0.11580243800770151,0.0781251825160092,0
0.8768778019878389,0.8867596623208087,0
0.8771506154023103,0.2558887073652139,1
0.2512433293439907,0.6187236488240526,0
0.905198414990531,0.5843593179259465,0
0.2122319866963121,0.10173663761699991,0
0.3559477126604031,0.12797901413711382,0
0.8619676964485161,0.21433698967284986,1
0.868102110254444,0.6950442048659737,0
0.5645469986763036,0.332558255602975,0
0.18111248259879537,0.018120085798075503,0
0.7991505381649602,0.3536201079163726,1
0.7401258636149461,0.09820115742509627,1
0.5951355300367756,0.8419184136450573,0
0.15135201968142126,0.04010806484286061,0
0.6829572944954865,0.06237538671330056,1
0.9901943708127792,0.1028376704654716,1
0.15213425838771133,0.8064109050548898,0
0.9506469354324623,0.26754924915346984,1
0.9361231878809966,0.1980599898206556,1
0.03287773844930392,0.1299920501114996,0
0.9147090783652454,0.1253543983129125,1
0.7444660175434539,0.35828123839378295,1
0.2740961643848086,0.22490703096723302,0
0.7029020515939852,0.35154056507832937,1
0.817399731056085,0.08408841385902649,1
0.013826602301994062,0.2676206293332892,0
0.7179421007402951,0.18195022604819527,1
0.7024780592280211,0.6795955257161532,0
0.7991505381649602,0.3536201079163726,1
0.6335752381563053,0.3440255873053179,0
0.08608077809741438,0.15814329459143472,0
0.9700495374814264,0.3497350036886276,1
0.7701197949474481,0.22832020095619576,1
0.015515422987715133,0.538788708702864,0
0.8945916637137654,0.798603288594893,0
0.9825753126149306,0.3026121749623179,1
0.5895406215277592,0.2933425466902327,0
0.984608870022148,0.5595707388584616,0
0.8656861509881997,0.015071659771900447,1
0.9002099808245585,0.3439734533657663,1
0.8378139926655228,0.48449678191912154,0
0.9657460237699862,0.07401653673926795,1
0.6638274780715725,0.5258237165307247,0
0.8121587765075844,0.8682271939808981,0
0.39384625756163677,0.7364573612335588,0
0.15908419946769425,0.724796914092207,0
0.28801251139774314,0.030845066202869198,0
0.7615692805153855,0.7369425395564617,0
0.09349958063957436,0.7243041504679806,0
0.7189376244538053,0.25241267200208756,1
0.2653493559128705,0.5872180968100071,0
0.7908334528777539,0.3141329721498007,1
0.9061756260227645,0.5695583894757628,0
0.9667738608901586,0.02941984479957216,1
0.27531129199767673,0.32137598560729946,0
0.74900934123983,0.815832541132971,0
0.8656861509881997,0.015071659771900447,1
0.8613867537597495,0.12900130017739325,1
0.8087033837200228,0.6944055145743309,0
0.6703630599160264,0.25431205995071143,1
0.02257491050396032,0.2954542546042855,0
0.6702349414841899,0.5490973401569459,0
0.5891562399857491,0.2849037968446693,0
0.7050751902144254,0.1993937897355057,1
0.41618377450252947,0.9989297136774764,0
0.9502753160480917,0.054042062618815334,1
0.2854010910068943,0.022679929996945347,0
0.876440750110711,0.47460552042297827,0
0.9002099808245585,0.3439734533657663,1
0.4449670676022523,0.23230764146215482,0
0.8695375506748855,0.07925493226043384,1
0.5226931053427235,0.5668836974224525,0
0.9625455574266648,0.8245999239290525,0
0.8771506154023103,0.2558887073652139,1
0.694529828446913,0.11743758751110389,1
0.9147090783652454,0.1253543983129125,1
0.8021635377493157,0.20324224138802532,1
0.8695375506748855,0.07925493226043384,1
0.9489168233725247,0.1177967844962941,1
0.00043168227930356906,0.2714411106524622,0
0.9147090783652454,0.1253543983129125,1
0.9224003561030265,0.00892416394998985,1
0.6954364186404505,0.06829830765643041,1
0.9207346717878577,0.01779439688280099,1
0.5224468531111555,0.8057727293474377,0
0.7248859991715899,0.9739762350082464,0
0.11199098034504351,0.9969084282845186,0
0.4008206158886444,0.2096240991198864,0
0.8771506154023103,0.2558887073652139,1
0.8771506154023103,0.2558887073652139,1
0.8923121092482484,0.2633838327408517,1
0.7211790348378799,0.0963263130854431,1
0.45674835438042055,0.22960236338990037,0
0.8717760985640981,0.0818852881181864,1
0.8613867537597495,0.12900130017739325,1
1.0,0.6094341349300758,0
0.5099671924231932,0.6309959112295169,0
0.9506469354324623,0.26754924915346984,1
0.9207346717878577,0.01779439688280099,1
0.30108988092650085,0.17803442021043064,0
0.7315350934863747,0.27088313149077775,1
0.7992116680042429,0.15745240498204166,1
0.03485138874898297,0.8802096147379594,0
0.4366487301295992,0.3659332943358901,0
0.8613867537597495,0.12900130017739325,1
0.8138359339773571,0.3573747515585693,1
0.7444660175434539,0.35828123839378295,1
0.7029020515939852,0.35154056507832937,1
0.7134701414844016,0.15692343766448463,1
0.9627476704163929,0.8171885310417573,0
0.39449016926612507,0.20158430614400746,0
0.8735509896178117,0.3262155895574181,1
0.9282482762381257,0.6253813450146803,0
0.19600499625190654,0.8621042957949061,0
0.902355373550936,0.16502881103927391,1
0.04101592393107856,0.394455147537446,0
0.9009535885003894,0.3646305218829124,1
0.7211790348378799,0.0963263130854431,1
0.2912481643997061,0.7963487663823496,0
0.11798603648536143,0.5383210917311811,0
0.6621594320304904,0.4304964594069672,0
0.7991505381649602,0.3536201079163726,1
0.7944584182682553,0.3375160214114375,1
0.37811703296089966,0.9347741468086517,0
0.6703630599160264,0.25431205995071143,1
0.9871058971838422,0.28510542241595255,1
0.8206582834717513,0.3927522557821162,0
0.9489168233725247,0.1177967844962941,1
0.4092199410447322,0.4583258783091923,0
0.7211790348378799,0.0963263130854431,1
0.815977414845902,0.19213523398334592,1
0.7790721558829539,0.1273524939076297,1
0.9489168233725247,0.1177967844962941,1
0.8550304798041151,0.19707396267187138,1
0.7991505381649602,0.3536201079163726,1
0.8416229295379405,0.09857760708062296,1
0.28994057664763234,0.6151073859775864,0
0.170572659702577,0.5388170660246636,0
0.9657460237699862,0.07401653673926795,1
0.8550304798041151,0.19707396267187138,1
0.13615024266857795,0.41096711719006523,0
0.8148337836253925,0.014711642128206415,1
0.33123969551676763,0.18358159737476587,0
0.9657460237699862,0.07401653673926795,1
0.18278475560751212,0.5061752329808706,0
0.721365132794165,0.36670321637990705,1
0.345320469571117,0.45026245568064255,0
0.9398186983645953,0.21279318814800285,1
0.694529828446913,0.11743758751110389,1
0.8732379980118632,0.33104311551143933,1
0.8074564800854003,0.5357946101545132,0
0.9696033803701176,0.17095666247251473,1
0.8613867537597495,0.12900130017739325,1
0.5850844043942938,0.2608868602366267,0
0.9002099808245585,0.3439734533657663,1
0.7211790348378799,0.0963263130854431,1
0.19229584846330133,0.4002353605766266,0
0.3177093769543245,0.8320816002823903,0
0.07925819618818991,0.6826268443409014,0
0.8015038278602362,0.10766546686919332,1
0.9731609851612983,0.3958822834836861,0
0.7593274374636114,0.14937489195219328,1
0.7211790348378799,0.0963263130854431,1
0.7007787259878704,0.13980918864492076,1
0.5994287914511178,0.2473909534971806,0
0.9254846451073071,0.18267228789363305,1
0.950099063109515,0.10911649362170406,1
0.7908334528777539,0.3141329721498007,1
0.5340890436809702,0.4777813512524866,0
0.3350094876281439,0.7019171773972956,0
0.8695375506748855,0.07925493226043384,1
0.997142535982326,0.19499408864323253,1
0.9207346717878577,0.01779439688280099,1
0.0708539598689405,0.4815828084960168,0
0.9002099808245585,0.3439734533657663,1
0.11074906135308227,0.3657075067326531,0
0.11409349997654261,0.16091782694144546,0
0.8770511851682701,0.008434365165195412,1
0.02599598027278155,0.39520859866310004,0
0.6954364186404505,0.06829830765643041,1
0.7691413597186063,0.16489165519542898,1
0.8347728382472639,0.8178603411252054,0
0.41221323934981163,0.28273029646726217,0
0.3459362954746677,0.055155372602992137,0
0.7189376244538053,0.25241267200208756,1
0.9489168233725247,0.1177967844962941,1
0.9207653404186757,0.6688132167807737,0
0.8763281627134623,0.22572026965035163,1
0.10946351117032904,0.8058401354540576,0
0.7790721558829539,0.1273524939076297,1
0.815977414845902,0.19213523398334592,1
0.6307736498977714,0.12613147584101297,0
0.7691413597186063,0.16489165519542898,1
0.3734628897735313,0.9449912106832199,0
0.8695375506748855,0.07925493226043384,1
0.6934724138114063,0.15628449433658537,1
0.37415111585115396,0.4124807876870418,0
0.9009535885003894,0.3646305218829124,1
0.04078708912152823,0.1932951206789431,0
0.8732379980118632,0.33104311551143933,1
0.6047690834298816,0.4872787974206911,0
0.9657460237699862,0.07401653673926795,1
0.8770511851682701,0.008434365165195412,1
0.10793732090605679,0.0779977648944516,0
0.7607260662536428,0.8810043098229465,0
0.9611617795857659,0.6120498858369716,0
0.7050751902144254,0.1993937897355057,1
0.23376587173816216,0.2183821924980276,0
0.4323198867126999,0.49512661669667196,0
0.2675148899817403,0.8147064315844839,0
0.9549260984617283,0.976361596849352,0
0.902355373550936,0.16502881103927391,1
0.9862156494173349,0.6920405832030769,0
0.32014420962258155,0.07319105402012299,0
0.9489168233725247,0.1177967844962941,1
0.5664603646644832,0.14840423771367156,0
0.9874970119731239,0.24118161756080242,1
0.16787224576742715,0.6758208596513715,0
0.8094593379441182,0.8601767084156855,0
0.7401258636149461,0.09820115742509627,1
0.8770511851682701,0.008434365165195412,1
0.7271578335016102,0.026128426015589457,1
0.7368862102309603,0.33495186521046033,1
0.9495550462271396,0.09284954150938907,1
0.43905615385486435,0.0017282926850387126,0
0.9696033803701176,0.17095666247251473,1
0.3803758049749871,0.933446399883284,0
0.17333046291407056,0.183003495822382,0
0.9294648365008107,0.9954352245381541,0
0.9507546241247167,0.5407399493696017,0
0.22440594884888793,0.6545138397005064,0
0.24838769992555104,0.460009323897036,0
0.9147090783652454,0.1253543983129125,1
0.7029020515939852,0.35154056507832937,1
0.9293109250056575,0.12980023905787735,1
0.9361231878809966,0.1980599898206556,1
0.8619676964485161,0.21433698967284986,1
0.7315350934863747,0.27088313149077775,1
0.9871058971838422,0.28510542241595255,1
0.8148337836253925,0.014711642128206415,1
0.4532521694524558,0.2352207736024709,0
0.9207346717878577,0.01779439688280099,1
0.8763281627134623,0.22572026965035163,1
0.8550304798041151,0.19707396267187138,1
0.9667738608901586,0.02941984479957216,1
0.9502753160480917,0.054042062618815334,1
0.5005482361713869,0.007842839202838625,0
0.6703630599160264,0.25431205995071143,1
0.694529828446913,0.11743758751110389,1
0.7975827565573181,0.2397388477747946,1
0.5009661584753522,0.8671121936649548,0
0.7945399359659164,0.9972727521647393,0
0.8656861509881997,0.015071659771900447,1
0.8770511851682701,0.008434365165195412,1
0.6098190766376381,0.6795950607241357,0
0.9700495374814264,0.3497350036886276,1
0.8138359339773571,0.3573747515585693,1
0.9871058971838422,0.28510542241595255,1
0.15047015523461515,0.9635627589564046,0
0.1304236011218266,0.5048442984695762,0
0.9224003561030265,0.00892416394998985,1
0.7790721558829539,0.1273524939076297,1
0.8695375506748855,0.07925493226043384,1
0.6708000705390806,0.15598027454459712,1
0.9495550462271396,0.09284954150938907,1
0.7444660175434539,0.35828123839378295,1
0.7050751902144254,0.1993937897355057,1
0.6954364186404505,0.06829830765643041,1
0.9009535885003894,0.3646305218829124,1
0.9224003561030265,0.00892416394998985,1
0.6927206932061347,0.03534254741682985,1
0.7298220529997355,0.23686299483688655,1
0.9495550462271396,0.09284954150938907,1
0.8552675288412626,0.39979709543235026,0
0.062169768345742005,0.30120282149327876,0
0.9489168233725247,0.1177967844962941,1
0.9901943708127792,0.1028376704654716,1
0.2057283212497228,0.05714147590344959,0
0.7429654616754937,0.48687520856874716,0
0.32445983828825925,0.6227366495420406,0
0.9901943708127792,0.1028376704654716,1
0.8416229295379405,0.09857760708062296,1
0.9293109250056575,0.12980023905787735,1
0.12486131105487697,0.40263233444946195,0
0.8695375506748855,0.07925493226043384,1
0.11657674699979681,0.06645842272543578,0
0.8491885773186845,0.17861061677942375,1
0.008504226325981634,0.37035780049719963,0
0.8550304798041151,0.19707396267187138,1
0.7444660175434539,0.35828123839378295,1
0.6045134017117924,0.10405453892054739,0
0.9073937009000517,0.9954768885270444,0
0.8138359339773571,0.3573747515585693,1
0.03220946847834372,0.09381510917466035,0
0.7179421007402951,0.18195022604819527,1
0.1726031959691388,0.7476995671165239,0
0.28546458657677437,0.5708257357308955,0
0.6703630599160264,0.25431205995071143,1
0.8550304798041151,0.19707396267187138,1
0.917188939665069,0.9570374426378785,0
0.8998085929489397,0.1447851035060374,1
0.7991505381649602,0.3536201079163726,1
0.24053971666334656,0.6377339670652862,0
0.07986727884972489,0.13695403797096067,0
0.23971822719719044,0.9923671862500083,0
0.21134698860008067,0.5168267897094105,0
0.3714642781221295,0.6719402768259599,0
0.06137825061236668,0.7280422779482578,0
0.6934724138114063,0.15628449433658537,1
0.815977414845902,0.19213523398334592,1
0.8092192090421708,0.21363269256668732,1
0.9651379128924196,0.6944590610258421,0
0.8491885773186845,0.17861061677942375,1
0.16707663741148943,0.6401894386811948,0
0.9293109250056575,0.12980023905787735,1
0.9002099808245585,0.3439734533657663,1
0.5167455022348992,0.968325803395031,0
0.5680492545609437,0.3226853318391149,0
0.7546276195682224,0.7579036853449415,0
0.02200833753659387,0.002019031420058881,0
0.7593274374636114,0.14937489195219328,1
0.4216621816661347,0.8689928369999438,0
0.13239006365421452,0.7802758405957835,0
0.9361231878809966,0.1980599898206556,1
0.7701197949474481,0.22832020095619576,1
0.7908334528777539,0.3141329721498007,1
0.406097854972751,0.8406831753536355,0
0.6481862901551534,0.653780282496484,0
0.5005066650125567,0.6577359523694633,0
0.8015038278602362,0.10766546686919332,1
0.9091562910370845,0.6250511435563331,0
0.9398186983645953,0.21279318814800285,1
0.3823446810731134,0.4801307635633291,0
0.6934724138114063,0.15628449433658537,1
0.7514353223981545,0.9342109949986752,0
0.1525547269459014,0.07871117808124917,0
0.37206702399371766,0.04516560952649906,0
0.09696718377045077,0.6661805028690055,0
0.5689422629138869,0.445679882876641,0
0.8771506154023103,0.2558887073652139,1
0.8924253784798619,0.20002329274581382,1
0.8619676964485161,0.21433698967284986,1
0.6997760527021073,0.026857506668636566,1
0.13580776045102544,0.5081370913341534,0
0.8164523804707895,0.344190950426391,1
0.8619676964485161,0.21433698967284986,1
0.3257202907018166,0.495433490714352,0
0.19504216393298385,0.2312693604773225,0
0.17806803278930478,0.7050392574405242,0
0.8487625032585133,0.27107256923925577,1
0.7211790348378799,0.0963263130854431,1
0.5180774920847642,0.9518062615346559,0
0.7888628678022482,0.5059414183518247,0
0.004587573552824575,0.7701191014614119,0
0.03207527395703269,0.7546949305581434,0
0.2775040915906362,0.8644287380738218,0
0.6513148739145305,0.006136703543619948,0
0.8771506154023103,0.2558887073652139,1
0.7700645472321148,0.8024781045006499,0
0.013656917515695366,0.17843756155910012,0
0.9343265994252585,0.6606658757859398,0
0.6100869036328611,0.7894838647707472,0
0.8029862089443744,0.08860567744559078,1
0.6661996535965227,0.27197715031377395,1
0.7828682782393064,0.16542531099490188,1
0.1587651437799265,0.3971153576952819,0
0.9402187823285935,0.2746544669414221,1
0.40677868188745175,0.3664855751386578,0
0.6213117962654582,0.6356302653320025,0
0.8717760985640981,0.0818852881181864,1
0.6562056935611527,0.951264420122256,0
0.6896951181073656,0.7795931230784408,0
0.9361231878809966,0.1980599898206556,1
0.3321977545830102,0.3801677385932138,0
0.7524439348939509,0.8380855542427519,0
0.581618046243332,0.6358706123649531,0
0.7992116680042429,0.15745240498204166,1
0.8923121092482484,0.2633838327408517,1
0.7122176494851882,0.7558206134101102,0
0.9489168233725247,0.1177967844962941,1
0.8550304798041151,0.19707396267187138,1
0.9506469354324623,0.26754924915346984,1
0.7701197949474481,0.22832020095619576,1
0.6703630599160264,0.25431205995071143,1
0.9383196647969669,0.13956207427463269,1
0.2618572025467381,0.4180997295611822,0
0.30146324196705837,0.3379424148667301,0
0.9461330679049258,0.7255219219823137,0
0.9039690917406489,0.6230113312528147,0
0.8717760985640981,0.0818852881181864,1
0.6927206932061347,0.03534254741682985,1
0.9696033803701176,0.17095666247251473,1
0.7450744124900819,0.10376956192804465,1
0.02692950368096453,0.05483302728595857,0
0.8656861509881997,0.015071659771900447,1
0.7271578335016102,0.026128426015589457,1
0.24902873563628353,0.44886037894762215,0
0.6703630599160264,0.25431205995071143,1
0.3704980502641602,0.8176779529604148,0
0.695803137945741,0.3907619614687505,0
0.20873287401432156,0.03634683065659211,0
0.37180778510592943,0.9881909098350785,0
0.1568200186695523,0.9309186663256894,0
0.11299026711036697,0.8680023788055746,0
0.9472717791805887,0.17459578210170223,1
0.1093790250167842,0.3399472445878741,0
0.5747087724035156,0.07412201554248748,0
0.610219704752031,0.696853208037012,0
0.572655318679443,0.6915741982920052,0
0.997142535982326,0.19499408864323253,1
0.9825753126149306,0.3026121749623179,1
0.7991505381649602,0.3536201079163726,1
0.13538940193751708,0.5789682303607193,0
0.8148337836253925,0.014711642128206415,1
0.8138359339773571,0.3573747515585693,1
0.7465075141210118,0.5346434922626102,0
0.9130958016476338,0.036539577950816526,1
0.33911626161610714,0.3740932735540267,0
0.6927206932061347,0.03534254741682985,1
0.6621236532926054,0.4443750845941226,0
0.921772122589658,0.34882065321975136,1
0.34274835578507573,0.636404437965721,0
0.8923121092482484,0.2633838327408517,1
0.7007787259878704,0.13980918864492076,1
0.5118729890347646,0.5856182061927078,0
0.7007787259878704,0.13980918864492076,1
0.05199901499100612,0.8028621536671869,0
0.7908334528777539,0.3141329721498007,1
0.04254301502436014,0.41962627372415456,0
0.6307319020602489,0.2222428796835803,0
0.8897458410363726,0.6172859584971002,0
0.13552786899226626,0.2952540489680983,0
0.9130958016476338,0.036539577950816526,1
0.7246486623334869,0.7645738480694202,0
0.9874970119731239,0.24118161756080242,1
0.9760165430816492,0.8710648593547521,0
0.9700495374814264,0.3497350036886276,1
0.7991505381649602,0.3536201079163726,1
0.887433317427359,0.9522162646235013,0
0.1776765769209651,0.7606664808288892,0
0.8491885773186845,0.17861061677942375,1
0.9825753126149306,0.3026121749623179,1
0.018731968173744062,0.5135529218461372,0
0.5223251347016493,0.1748758275675933,0
0.6997760527021073,0.026857506668636566,1
0.9224003561030265,0.00892416394998985,1
0.2977093345968293,0.5646619782509705,0
0.8300666224555038,0.054770674495378036,1
0.026682237905018558,0.296635872383785,0
0.9254846451073071,0.18267228789363305,1
0.817399731056085,0.08408841385902649,1
0.5206595092902919,0.2180977064414773,0
0.8138359339773571,0.3573747515585693,1
0.9414594467389568,0.7326822762510163,0
0.8949730251166188,0.34566836902253256,1
0.809901446723928,0.8982296339714242,0
0.9429114776627123,0.6826376207099552,0
0.9147090783652454,0.1253543983129125,1
0.8732379980118632,0.33104311551143933,1
0.8936522798763775,0.1069247342701043,1
0.8300666224555038,0.054770674495378036,1
0.902355373550936,0.16502881103927391,1
0.8027941184301441,0.3232014326989971,1
0.6014759496254953,0.4082397898175562,0
0.9696033803701176,0.17095666247251473,1
0.8619676964485161,0.21433698967284986,1
